{"_step":14,"_wandb":{"runtime":77},"Train Loss":0.4751392553249995,"epoch":15,"_timestamp":1.746206855404371e+09,"_runtime":76.718689}